source,label,docs,duplicates_skipped,chars,bytes,tokens,unique_token_ids,vocab_utilization_pct,chars_per_token_mean,chars_per_token_median,chars_per_token_p10,chars_per_token_p90,tokens_per_1k_chars_mean,unk_rate,single_piece_rate
fineweb_edu,FineWeb-Edu,500,0,1862822,1873706,387698,28439,44.4359375,4.8393114460732605,4.845317764610201,4.331454495895667,5.358374858118062,208.4048552565223,0.0,0.14454807607983533
finemath_or_openwebmath,FineMath/OpenWebMath,500,0,1815531,1837448,515909,20887,32.6359375,3.4974103214235264,3.5078789788843365,2.6116272388287793,4.452360247580693,298.60618006837143,0.0,0.29710278363044645
pes2o,peS2o,500,0,3939448,3949529,815326,32433,50.6765625,4.863848582475237,4.873595297121565,4.3361613024656505,5.391199088319917,207.2836353816532,0.0,0.147547116122876
pg19,PG-19,500,0,3987817,3989307,1057513,35910,56.10937499999999,3.804600668109328,3.8360107695243615,3.345714456851384,4.233028309259119,265.3132237092977,0.0,0.2241022096182269
wikipedia_en,Wikipedia-en,500,0,1387023,1392210,323219,26289,41.0765625,4.226798269338241,4.321128505462326,3.455873015873016,4.814590888987174,240.85351481431007,0.0,0.1817281781083414
